{
  "run_dir": "gaia_validation_runs\\gaia_run_20260109_000000",
  "total": 165,
  "completed_without_error": 134,
  "exact_match_acc": 0.04242424242424243,
  "normalized_match_acc": 0.04242424242424243,
  "numeric_match_acc_applicable": 0.15555555555555556,
  "numeric_applicable": 45,
  "timestamp": "gaia_run_20260109_000000"
}